Fecha;Camas UCI ocupadas;Camas UCI Disponibles;% Ocupación UCI;Camas UCI ocupadas Covid-19
15/05/2020;488;935;52,20%;179
16/05/2020;546;935;58,40%;203
17/05/2020;567;935;60,60%;217
18/05/2020;591;1065;55,50%;217
19/05/2020;609;1065;57,20%;235
20/05/2020;614;1065;57,70%;232
21/05/2020;603;1065;56,60%;227
22/05/2020;626;1092;57,30%;242
23/05/2020;650;1092;59,50%;246
24/05/2020;638;1092;58,40%;266
25/05/2020;635;1092;58,20%;280
26/05/2020;648;1077;60,20%;298
27/05/2020;674;1117;60,30%;298
28/05/2020;636;1152;55,20%;283
29/05/2020;679;1152;58,90%;286
30/05/2020;643;1152;55,80%;276
31/05/2020;656;1152;56,90%;290
1/06/2020;658;1162;56,60%;295
2/06/2020;716;1162;61,60%;312
3/06/2020;699;1162;60,20%;316
4/06/2020;660;1162;56,80%;304
5/06/2020;687;1162;59,10%;321
6/06/2020;695;1162;59,80%;307
7/06/2020;716;1162;61,60%;320
8/06/2020;726;1162;62,50%;320
9/06/2020;752;1169;64,30%;338
10/06/2020;742;1180;62,90%;347
11/06/2020;759;1180;64,30%;386
12/06/2020;758;1180;64,20%;394
13/06/2020;771;1180;65,30%;388
14/06/2020;770;1180;65,30%;405
15/06/2020;801;1185;67,60%;433
16/06/2020;799;1180;67,70%;418
17/06/2020;829;1191;69,60%;439
18/06/2020;814;1227;66,30%;454
19/06/2020;836;1227;68,10%;445
20/06/2020;841;1227;68,50%;482
21/06/2020;857;1227;69,80%;501
22/06/2020;883;1227;72%;529
23/06/2020;906;1227;73,80%;526
24/06/2020;907;1290;70,30%;530
25/06/2020;947;1290;73,40%;575
26/06/2020;1003;1290;77,80%;617
27/06/2020;1012;1277;79,20%;637
28/06/2020;1034;1322;78,20%;670
29/06/2020;1065;1322;80,60%;691
30/06/2020;1072;1322;81,10%;694
1/07/2020;1141;1377;82,90%;729
2/07/2020;1169;1372;85,20%;748
3/07/2020;1191;1377;86,50%;792
4/07/2020;1207;1377;87,70%;811
5/07/2020;1231;1377;89,40%;849
6/07/2020;1240;1456;85,20%;880
7/07/2020;1249;1486;84,10%;879
8/07/2020;1249;1486;84,10%;903
9/07/2020;1296;1486;87,20%;942
10/07/2020;1325;1486;89,20%;977
11/07/2020;1367;1486;92%;987
12/07/2020;1395;1486;93,90%;1044
13/07/2020;1446;1486;97,30%;1083
14/07/2020;1461;1589;91,90%;1106
15/07/2020;1465;1656;88,50%;1164
16/07/2020;1478;1670;88,50%;1167
17/07/2020;1505;1682;89,50%;1192
18/07/2020;1508;1682;89,70%;1214
19/07/2020;1545;1686;91,60%;1230
20/07/2020;1579;1691;93,40%;1240
21/07/2020;1583;1762;89,80%;1278
22/07/2020;1610;1762;91,40%;1289
23/07/2020;1617;1802;89,70%;1291
24/07/2020;1670;1827;91,40%;1345
25/07/2020;1682;1827;92,10%;1324
26/07/2020;1683;1827;92,10%;1356
27/07/2020;1671;1870;89,40%;1349
28/07/2020;1682;1896;88,70%;1358
29/07/2020;1670;1917;87,10%;1356
30/07/2020;1684;1905;88,40%;1384
31/07/2020;1735;1921;90,30%;1398
1/08/2020;1727;1921;89,90%;1426
2/08/2020;1719;1938;88,70%;1412
3/08/2020;1754;1938;90,50%;1450
4/08/2020;1755;1966;89,30%;1446
5/08/2020;1767;1986;89%;1460
6/08/2020;1771;1986;89,20%;1451
7/08/2020;1765;1972;89,50%;1473
8/08/2020;1780;2008;88,60%;1485
9/08/2020;1801;2008;89,70%;1499
10/08/2020;1813;2008;90,30%;1515
11/08/2020;1824;2040;89,40%;1505
12/08/2020;1841;2040;90,20%;1517
13/08/2020;1826;2067;88,30%;1514
14/08/2020;1833;2070;88,60%;1502
15/08/2020;1835;2073;88,50%;1537
16/08/2020;1789;2073;86,30%;1496
17/08/2020;1782;2073;86%;1493
18/08/2020;1776;2073;85,70%;1464
19/08/2020;1784;2092;85,30%;1461
20/08/2020;1768;2094;84,40%;1458
21/08/2020;1742;2139;81,40%;1414
22/08/2020;1734;2139;81,10%;1365
23/08/2020;1720;2139;80,40%;1406
24/08/2020;1721;2125;81%;1420
25/08/2020;1709;2129;80,30%;1403
26/08/2020;1710;2148;79,60%;1383
27/08/2020;1717;2154;79,70%;1396
28/08/2020;1700;2164;78,60%;1362
29/08/2020;1697;2164;78,40%;1338
30/08/2020;1696;2164;78,40%;1328
31/08/2020;1689;2141;78,90%;1334
1/09/2020;1614;2151;75%;1280
2/09/2020;1615;2158;74,80%;1259
3/09/2020;1596;2158;74%;1241
4/09/2020;1577;2186;72,10%;1189
5/09/2020;1584;2198;72,10%;1198
6/09/2020;1606;2198;73,10%;1190
7/09/2020;1581;2198;71,90%;1174
8/09/2020;1554;2198;70,70%;1118
9/09/2020;1528;2216;69%;1123
10/09/2020;1550;2216;69,90%;1138
11/09/2020;1491;2216;67,30%;1064
12/09/2020;1470;2216;66,30%;1064
13/09/2020;1490;2216;67,20%;1053
14/09/2020;1488;2216;67,10%;1042
15/09/2020;1481;2216;66,80%;1006
16/09/2020;1450;2216;65,40%;1028
17/09/2020;1434;2196;65,30%;986
18/09/2020;1444;2196;65,80%;981
19/09/2020;1412;2196;64,30%;968
20/09/2020;1439;2196;65,50%;991
21/09/2020;1417;2196;64,50%;978
22/09/2020;1390;2196;63,30%;943
23/09/2020;1410;2196;64,20%;936
24/09/2020;1404;2209;63,60%;940
25/09/2020;1384;2198;63%;880
26/09/2020;1368;2200;62,20%;857
27/09/2020;1368;2200;62,20%;812
28/09/2020;1374;2200;62,50%;854
29/09/2020;1363;2200;62%;838
30/09/2020;1369;2200;62,20%;810
1/10/2020;1379;2200;62,70%;814
2/10/2020;1368;2200;62,20%;809
3/10/2020;1382;2200;62,80%;786
4/10/2020;1419;2200;64,50%;793
5/10/2020;1398;2188;63,90%;808
6/10/2020;1418;2188;64,80%;833
7/10/2020;1410;2185;64,50%;821
8/10/2020;1381;2185;63,20%;785
9/10/2020;1388;2175;63,80%;804
10/10/2020;1368;2175;62,90%;802
11/10/2020;1363;2175;62,70%;806
12/10/2020;1368;2175;62,90%;792
13/10/2020;1385;2175;63,70%;783
14/10/2020;1399;2179;64,20%;786
15/10/2020;1388;2179;63,70%;793
16/10/2020;1414;2179;64,90%;782
17/10/2020;1406;2179;64,50%;790
18/10/2020;1427;2179;65,50%;800
19/10/2020;1478;2174;68%;817
20/10/2020;1444;2174;66,40%;818
21/10/2020;1464;2174;67,30%;817
22/10/2020;1461;2174;67,20%;838
23/10/2020;1496;2158;69,30%;843
24/10/2020;1460;2158;67,70%;822
25/10/2020;1486;2158;68,90%;833
26/10/2020;1453;2158;67,30%;831
27/10/2020;1450;2158;67,20%;821
28/10/2020;1427;2158;66,10%;785
29/10/2020;1423;2158;65,90%;831
30/10/2020;1489;2175;68,50%;842
31/10/2020;1498;2175;68,90%;849
1/11/2020;1473;2175;67,70%;831
2/11/2020;1466;2175;67,40%;825
3/11/2020;1490;2175;68,50%;844
4/11/2020;1441;2173;66,30%;806
5/11/2020;1424;2173;65,50%;801
6/11/2020;1449;2173;66,70%;782
7/11/2020;1428;2173;65,70%;801
8/11/2020;1452;2173;66,80%;793
9/11/2020;1441;2173;66,30%;792
10/11/2020;1451;2227;65,20%;767
11/11/2020;1445;2197;65,80%;784
12/11/2020;1473;2203;66,90%;820
13/11/2020;1419;2224;63,80%;757
14/11/2020;1456;2224;65,50%;772
15/11/2020;1432;2224;64,40%;776
16/11/2020;1436;2224;64,60%;762
17/11/2020;1470;2224;66,10%;784
18/11/2020;1477;2236;66,10%;790
19/11/2020;1500;2236;67,10%;790
20/11/2020;1503;2236;67,20%;779
21/11/2020;1487;2236;66,50%;797
22/11/2020;1515;2236;67,80%;822
23/11/2020;1491;2215;67,30%;805
24/11/2020;1519;2215;68,60%;834
25/11/2020;1481;2215;66,90%;806
26/11/2020;1470;2215;66,40%;795
27/11/2020;1497;2215;67,60%;769
28/11/2020;1520;2215;68,60%;812
29/11/2020;1503;2215;67,90%;822
30/11/2020;1529;2215;69%;826
1/12/2020;1499;2215;67,70%;840
2/12/2020;1503;2215;67,90%;834
3/12/2020;1500;2215;67,70%;826
4/12/2020;1531;2201;69,60%;831
5/12/2020;1488;2201;67,60%;808
6/12/2020;1512;2201;68,70%;823
7/12/2020;1497;2201;68%;820
8/12/2020;1486;2201;67,50%;826
9/12/2020;1512;2201;68,70%;844
10/12/2020;1545;2201;70,20%;838
11/12/2020;1549;2195;70,60%;865
12/12/2020;1603;2195;73%;881
13/12/2020;1601;2195;72,90%;904
14/12/2020;1606;2195;73,20%;882
15/12/2020;1616;2202;73,40%;920
16/12/2020;1625;2191;74,20%;932
17/12/2020;1642;2210;74,30%;973
18/12/2020;1635;2210;74%;953
19/12/2020;1653;2236;73,90%;987
20/12/2020;1625;2236;72,70%;1002
21/12/2020;1659;2236;74,20%;1006
22/12/2020;1723;2236;77,10%;1035
23/12/2020;1725;2239;77%;1075
24/12/2020;1677;2239;74,90%;1084
25/12/2020;1680;2239;75%;1099
26/12/2020;1734;2239;77,40%;1145
27/12/2020;1769;2239;79%;1192
28/12/2020;1788;2239;79,90%;1220
29/12/2020;1819;2239;81,20%;1235
30/12/2020;1831;2239;81,80%;1286
31/12/2020;1814;2239;81%;1288
1/01/2021;1822;2239;81,40%;1303
2/01/2021;1855;2239;82,80%;1340
3/01/2021;1875;2239;83,70%;1362
4/01/2021;1911;2250;84,90%;1395
5/01/2021;1925;2256;85,30%;1435
6/01/2021;1959;2265;86,50%;1481
7/01/2021;1999;2289;87,30%;1539
8/01/2021;2071;2325;89,10%;1624
9/01/2021;2089;2323;89,90%;1688
10/01/2021;2085;2330;89,50%;1719
11/01/2021;2136;2330;91,70%;1749
12/01/2021;2142;2330;91,90%;1743
13/01/2021;2143;2342;91,50%;1776
14/01/2021;2166;2361;91,70%;1809
15/01/2021;2181;2365;92,20%;1818
16/01/2021;2183;2381;91,70%;1812
17/01/2021;2193;2381;92,10%;1834
18/01/2021;2200;2391;92%;1862
19/01/2021;2202;2411;91,30%;1867
20/01/2021;2211;2415;91,60%;1886
21/01/2021;2222;2429;91,50%;1867
22/01/2021;2234;2437;91,70%;1884
23/01/2021;2230;2437;91,50%;1868
24/01/2021;2231;2437;91,50%;1879
25/01/2021;2233;2437;91,60%;1878
26/01/2021;2215;2441;90,70%;1861
27/01/2021;2186;2441;89,60%;1825
28/01/2021;2152;2448;87,90%;1789
29/01/2021;2106;2448;86%;1741
30/01/2021;2060;2448;84,20%;1681
31/01/2021;2049;2448;83,70%;1654
1/02/2021;2020;2448;82,50%;1622
2/02/2021;1965;2448;80,30%;1580
3/02/2021;1917;2448;78,30%;1527
4/02/2021;1884;2466;76,40%;1462
5/02/2021;1869;2466;75,80%;1436
6/02/2021;1839;2466;74,60%;1401
7/02/2021;1826;2466;74%;1382
8/02/2021;1818;2459;73,90%;1351
9/02/2021;1785;2452;72,80%;1307
10/02/2021;1766;2452;72%;1280
11/02/2021;1684;2452;68,70%;1232
12/02/2021;1698;2443;69,50%;1233
13/02/2021;1672;2443;68,40%;1190
14/02/2021;1666;2443;68,20%;1167
15/02/2021;1707;2426;70,40%;1145
16/02/2021;1667;2426;68,70%;1125
17/02/2021;1658;2426;68,30%;1097
18/02/2021;1593;2424;65,70%;1036
19/02/2021;1569;2389;65,70%;1049
20/02/2021;1537;2389;64,30%;1004
21/02/2021;1525;2389;63,80%;1021
22/02/2021;1539;2389;64,40%;1010
23/02/2021;1515;2389;63,40%;981
24/02/2021;1514;2389;63,40%;955
25/02/2021;1494;2389;62,50%;917
26/02/2021;1502;2389;62,90%;942
27/02/2021;1480;2389;62%;941
28/02/2021;1486;2359;63%;937
1/03/2021;1514;2383;63,50%;950
2/03/2021;1493;2383;62,70%;915
3/03/2021;1513;2383;63,50%;900
4/03/2021;1506;2383;63,20%;899
5/03/2021;1477;2383;62%;877
6/03/2021;1447;2383;60,70%;857
7/03/2021;1458;2383;61,20%;874
8/03/2021;1456;2383;61,10%;860
9/03/2021;1443;2383;60,60%;836
10/03/2021;1418;2383;59,50%;768
11/03/2021;1425;2405;59,30%;794
12/03/2021;1458;2405;60,60%;789
13/03/2021;1443;2405;60%;789
14/03/2021;1445;2405;60,10%;773
15/03/2021;1471;2379;61,80%;785
16/03/2021;1472;2375;62%;782
17/03/2021;1429;2375;60,20%;762
18/03/2021;1475;2367;62,30%;756
19/03/2021;1478;2354;62,80%;777
20/03/2021;1429;2354;60,70%;765
21/03/2021;1498;2354;63,60%;797
22/03/2021;1486;2354;63,10%;797
23/03/2021;1520;2354;64,60%;795
24/03/2021;1521;2354;64,60%;793
25/03/2021;1480;2354;62,90%;772
26/03/2021;1493;2354;63,40%;789
27/03/2021;1494;2354;63,50%;786
28/03/2021;1478;2354;62,80%;779
29/03/2021;1495;2354;63,50%;788
30/03/2021;1525;2354;64,80%;814
31/03/2021;1515;2354;64,40%;829
1/04/2021;1504;2331;64,50%;860
2/04/2021;1508;2331;64,70%;892
3/04/2021;1527;2331;65,50%;917
4/04/2021;1579;2331;67,70%;956
5/04/2021;1636;2333;70,10%;1007
6/04/2021;1634;2334;70%;1018
7/04/2021;1657;2329;71,10%;1051
8/04/2021;1642;2342;70,10%;1076
9/04/2021;1731;2350;73,70%;1124
10/04/2021;1734;2350;73,80%;1156
11/04/2021;1761;2350;74,90%;1206
12/04/2021;1809;2372;76,30%;1248
13/04/2021;1835;2377;77,20%;1284
14/04/2021;1853;2384;77,70%;1322
15/04/2021;1898;2410;78,80%;1390
16/04/2021;1955;2431;80,40%;1442
17/04/2021;1979;2431;81,40%;1458
18/04/2021;2060;2447;84,20%;1553
19/04/2021;2087;2449;85,20%;1594
20/04/2021;2099;2462;85,30%;1632
21/04/2021;2147;2465;87,10%;1687
22/04/2021;2211;2493;88,70%;1754
23/04/2021;2238;2521;88,80%;1776
24/04/2021;2255;2530;89,10%;1792
25/04/2021;2289;2530;90,50%;1818
26/04/2021;2283;2538;90%;1828
27/04/2021;2309;2549;90,60%;1854
28/04/2021;2286;2550;89,60%;1852
29/04/2021;2315;2551;90,70%;1881
30/04/2021;2329;2573;90,50%;1916
1/05/2021;2367;2578;91,80%;1946
2/05/2021;2396;2578;92,90%;1967
3/05/2021;2414;2606;92,60%;1974
4/05/2021;2421;2610;92,80%;1984
5/05/2021;2431;2607;93,20%;1993
6/05/2021;2426;2621;92,60%;2000
7/05/2021;2438;2621;93%;2012
8/05/2021;2423;2631;92,10%;1998
9/05/2021;2457;2631;93,40%;2028
10/05/2021;2494;2634;94,70%;2054
11/05/2021;2437;2634;92,50%;2016
12/05/2021;2445;2634;92,80%;2020
13/05/2021;2440;2637;92,50%;2022
14/05/2021;2477;2644;93,70%;2053
15/05/2021;2465;2644;93,20%;2053
16/05/2021;2502;2644;94,60%;2063
17/05/2021;2510;2644;94,90%;2072
18/05/2021;2512;2642;95,10%;2081
19/05/2021;2496;2648;94,30%;2068
20/05/2021;2500;2654;94,20%;2075
21/05/2021;2534;2678;94,60%;2092
22/05/2021;2529;2678;94,40%;2101
23/05/2021;2552;2678;95,30%;2114
24/05/2021;2545;2679;95%;2104
25/05/2021;2540;2679;94,80%;2107
26/05/2021;2575;2693;95,60%;2141
27/05/2021;2575;2693;95,60%;2144
28/05/2021;2577;2693;95,70%;2151
29/05/2021;2590;2705;95,70%;2167
30/05/2021;2593;2705;95,90%;2166
31/05/2021;2579;2713;95,10%;2172
1/06/2021;2599;2713;95,80%;2175
2/06/2021;2609;2713;96,20%;2183
3/06/2021;2606;2716;95,90%;2180
4/06/2021;2599;2736;95%;2180
5/06/2021;2639;2736;96,50%;2218
6/06/2021;2638;2736;96,40%;2222
7/06/2021;2632;2736;96,20%;2215
8/06/2021;2652;2736;96,90%;2221
9/06/2021;2633;2736;96,20%;2207
10/06/2021;2641;2737;96,50%;2205
11/06/2021;2617;2721;96,20%;2198
12/06/2021;2605;2723;95,70%;2186
13/06/2021;2609;2723;95,80%;2195
14/06/2021;2613;2723;96%;2192
15/06/2021;2607;2725;95,70%;2181
16/06/2021;2591;2727;95%;2175
17/06/2021;2598;2726;95,30%;2182
18/06/2021;2608;2732;95,50%;2191
19/06/2021;2637;2726;96,70%;2224
20/06/2021;2615;2728;95,90%;2203
21/06/2021;2608;2728;95,60%;2191
22/06/2021;2604;2728;95,50%;2194
23/06/2021;2600;2728;95,30%;2185
24/06/2021;2608;2728;95,60%;2200
25/06/2021;2616;2728;95,90%;2201
26/06/2021;2593;2733;94,90%;2194
27/06/2021;2580;2733;94,40%;2176
28/06/2021;2576;2727;94,50%;2164
29/06/2021;2582;2727;94,70%;2158
30/06/2021;2589;2727;94,90%;2161
1/07/2021;2546;2727;93,40%;2126
2/07/2021;2560;2723;94%;2141
3/07/2021;2516;2723;92,40%;2095
4/07/2021;2498;2723;91,70%;2083
5/07/2021;2496;2723;91,70%;2077
6/07/2021;2500;2723;91,80%;2082
7/07/2021;2486;2723;91,30%;2061
8/07/2021;2480;2719;91,20%;2057
9/07/2021;2465;2734;90,20%;2030
10/07/2021;2445;2734;89,40%;2042
11/07/2021;2441;2734;89,30%;2018
12/07/2021;2384;2734;87,20%;1976
13/07/2021;2365;2734;86,50%;1938
14/07/2021;2318;2731;84,90%;1894
15/07/2021;2245;2700;83,10%;1806
16/07/2021;2215;2700;82%;1776
17/07/2021;2198;2700;81,40%;1752
18/07/2021;2160;2700;80%;1716
19/07/2021;2127;2697;78,90%;1671
20/07/2021;2097;2697;77,80%;1623
21/07/2021;2074;2678;77,40%;1587
22/07/2021;2062;2678;77%;1558
23/07/2021;2020;2672;75,60%;1487
24/07/2021;1946;2653;73,40%;1418
25/07/2021;1933;2653;72,90%;1416
26/07/2021;1905;2548;74,80%;1375
27/07/2021;1840;2548;72,20%;1266
28/07/2021;1811;2545;71,20%;1222
29/07/2021;1793;2529;70,90%;1208
30/07/2021;1748;2499;69,90%;1148
31/07/2021;1693;2482;68,20%;1114
1/08/2021;1680;2482;67,70%;1086
2/08/2021;1666;2482;67,10%;1085
3/08/2021;1667;2440;68,30%;1049
4/08/2021;1619;2422;66,80%;1005
5/08/2021;1572;2406;65,30%;944
6/08/2021;1572;2398;65,60%;916
7/08/2021;1528;2398;63,70%;887
8/08/2021;1544;2398;64,40%;872
9/08/2021;1553;2398;64,80%;854
10/08/2021;1535;2379;64,50%;859
11/08/2021;1497;2371;63,10%;813
12/08/2021;1522;2350;64,80%;799
13/08/2021;1495;2329;64,20%;792
14/08/2021;1420;2329;61%;765
15/08/2021;1419;2329;60,90%;701
16/08/2021;1415;2329;60,80%;695
17/08/2021;1428;2304;62%;700
18/08/2021;1423;2282;62,40%;684
19/08/2021;1411;2246;62,80%;627
20/08/2021;1393;2214;62,90%;627
21/08/2021;1356;2187;62%;599
22/08/2021;1361;2187;62,20%;587
23/08/2021;1331;2160;61,60%;578
24/08/2021;1341;2135;62,80%;591
25/08/2021;1354;2105;64,30%;573
26/08/2021;1357;2098;64,70%;565
27/08/2021;1318;2086;63,20%;556
28/08/2021;1325;2086;63,50%;556
29/08/2021;1313;2080;63,10%;538
30/08/2021;1346;2059;65,40%;542
31/08/2021;1298;2059;63%;521
1/09/2021;1303;2044;63,70%;508
2/09/2021;1303;2044;63,70%;486
3/09/2021;1275;2039;62,50%;476
4/09/2021;1281;2039;62,80%;484
5/09/2021;1275;2039;62,50%;492
6/09/2021;1323;2004;66%;501
7/09/2021;1293;1982;65,20%;474
8/09/2021;1305;1972;66,20%;473
9/09/2021;1285;1959;65,60%;483
10/09/2021;1294;1955;66,20%;480
11/09/2021;1279;1955;65,40%;457
12/09/2021;1210;1955;61,90%;460
13/09/2021;1259;1963;64,10%;456
14/09/2021;1255;1963;63,90%;444
15/09/2021;1265;1963;64,40%;436
16/09/2021;1225;1963;62,40%;419
17/09/2021;1235;1963;62,90%;427
18/09/2021;1216;1963;61,90%;426
19/09/2021;1192;1963;60,70%;407
20/09/2021;1202;1963;61,20%;409
21/09/2021;1214;1963;61,80%;366
22/09/2021;1261;1963;64,20%;368
23/09/2021;1230;1963;62,70%;355
24/09/2021;1219;1955;62,40%;352
25/09/2021;1226;1955;62,70%;351
26/09/2021;1251;1955;64%;350
27/09/2021;1250;1955;63,90%;362
28/09/2021;1245;1955;63,70%;365
29/09/2021;1266;1955;64,80%;353
30/09/2021;1271;1949;65,20%;355
1/10/2021;1228;1949;63%;330
2/10/2021;1235;1949;63,40%;342
3/10/2021;1241;1949;63,70%;342
4/10/2021;1268;1949;65,10%;351
5/10/2021;1245;1949;63,90%;318
6/10/2021;1258;1918;65,60%;322
7/10/2021;1277;1918;66,60%;340
8/10/2021;1260;1903;66,20%;337
9/10/2021;1225;1903;64,40%;333
10/10/2021;1217;1903;64%;325
11/10/2021;1231;1903;64,70%;329
12/10/2021;1239;1901;65,20%;336
13/10/2021;1200;1901;63,10%;319
14/10/2021;1278;1892;67,50%;321
15/10/2021;1218;1892;64,40%;322
16/10/2021;1203;1882;63,90%;328
17/10/2021;1161;1882;61,70%;323
18/10/2021;1175;1882;62,40%;330
19/10/2021;1201;1882;63,80%;330
20/10/2021;1212;1882;64,40%;304
21/10/2021;1179;1882;62,60%;300
22/10/2021;1189;1882;63,20%;294
23/10/2021;1171;1867;62,70%;278
24/10/2021;1170;1867;62,70%;293
25/10/2021;1196;1867;64,10%;300
26/10/2021;1181;1828;64,60%;307
27/10/2021;1203;1828;65,80%;315
28/10/2021;1217;1828;66,60%;306
29/10/2021;1210;1832;66%;325
30/10/2021;1150;1832;62,80%;305
31/10/2021;1159;1832;63,30%;315
1/11/2021;1168;1832;63,80%;301
2/11/2021;1181;1832;64,50%;308
3/11/2021;1229;1828;67,20%;324
4/11/2021;1198;1794;66,80%;268
5/11/2021;1150;1794;64,10%;259
6/11/2021;1138;1794;63,40%;265
7/11/2021;1180;1794;65,80%;268
8/11/2021;1195;1794;66,60%;276
9/11/2021;1207;1794;67,30%;267
10/11/2021;1187;1771;67%;281
11/11/2021;1162;1746;66,60%;254
12/11/2021;1166;1760;66,30%;254
13/11/2021;1142;1760;64,90%;250
14/11/2021;1148;1760;65,20%;266
15/11/2021;1136;1760;64,50%;272
16/11/2021;1147;1760;65,20%;284
17/11/2021;1171;1760;66,50%;278
18/11/2021;1178;1760;66,90%;280
19/11/2021;1164;1760;66,10%;267
20/11/2021;1161;1760;66%;270
21/11/2021;1165;1760;66,20%;258
22/11/2021;1164;1760;66,10%;266
23/11/2021;1177;1760;66,90%;276
24/11/2021;1205;1754;68,70%;278
25/11/2021;1187;1754;67,70%;264
26/11/2021;1168;1754;66,60%;261
27/11/2021;1156;1754;65,90%;269
28/11/2021;1140;1754;65%;270
29/11/2021;1163;1754;66,30%;283
30/11/2021;1154;1754;65,80%;252
1/12/2021;1145;1754;65,30%;263
2/12/2021;1187;1754;67,70%;270
3/12/2021;1166;1754;66,50%;278
4/12/2021;1136;1754;64,80%;278
5/12/2021;1134;1754;64,70%;270
6/12/2021;1121;1754;63,90%;266
7/12/2021;1128;1742;64,80%;278
8/12/2021;1142;1742;65,60%;268
9/12/2021;1179;1742;67,70%;286
10/12/2021;1170;1742;67,20%;286
11/12/2021;1137;1742;65,30%;284
12/12/2021;1115;1742;64%;265
13/12/2021;1153;1742;66,20%;277
14/12/2021;1154;1742;66,20%;267
15/12/2021;1161;1742;66,60%;268
16/12/2021;1150;1742;66%;267
17/12/2021;1181;1742;67,80%;275
18/12/2021;1153;1742;66,20%;260
19/12/2021;1131;1742;64,90%;260
20/12/2021;1138;1742;65,30%;251
21/12/2021;1136;1742;65,20%;273
22/12/2021;1131;1736;65,10%;278
23/12/2021;1154;1736;66,50%;271
24/12/2021;1127;1731;65,10%;264
25/12/2021;1039;1731;60%;244
26/12/2021;1026;1731;59,30%;249
27/12/2021;1096;1731;63,30%;251
28/12/2021;1122;1726;65%;254
29/12/2021;1115;1726;64,60%;236
30/12/2021;1097;1710;64,20%;239
31/12/2021;1060;1708;62,10%;209
1/01/2022;1014;1708;59,40%;222
2/01/2022;1017;1708;59,50%;209
3/01/2022;1034;1710;60,50%;217
4/01/2022;1062;1710;62,10%;245
5/01/2022;1061;1710;62%;252
6/01/2022;1100;1710;64,30%;278
7/01/2022;1119;1710;65,40%;291
8/01/2022;1103;1710;64,50%;299
9/01/2022;1095;1710;64%;302
10/01/2022;1104;1710;64,60%;292
11/01/2022;1147;1710;67,10%;311
12/01/2022;1158;1716;67,50%;306
13/01/2022;1175;1716;68,50%;326
14/01/2022;1190;1716;69,30%;332
15/01/2022;1201;1716;70%;368
16/01/2022;1166;1716;67,90%;356
17/01/2022;1182;1720;68,70%;373
18/01/2022;1208;1720;70,20%;397
19/01/2022;1236;1716;72%;410
20/01/2022;1254;1715;73,10%;431
21/01/2022;1248;1719;72,60%;452
22/01/2022;1262;1734;72,80%;467
23/01/2022;1250;1738;71,90%;488
24/01/2022;1273;1739;73,20%;525
25/01/2022;1321;1764;74,90%;602
26/01/2022;1326;1764;75,20%;581
27/01/2022;1367;1779;76,80%;608
28/01/2022;1360;1779;76,40%;599
29/01/2022;1327;1779;74,60%;612
30/01/2022;1332;1786;74,60%;618
31/01/2022;1351;1786;75,60%;631
1/02/2022;1350;1786;75,60%;649
2/02/2022;1357;1779;76,30%;626
3/02/2022;1369;1796;76,20%;651
4/02/2022;1367;1796;76,10%;653
5/02/2022;1360;1796;75,70%;649
6/02/2022;1392;1796;77,50%;649
7/02/2022;1392;1816;76,70%;671
8/02/2022;1378;1824;75,50%;645
9/02/2022;1365;1824;74,80%;638
10/02/2022;1340;1824;73,50%;603
11/02/2022;1342;1824;73,60%;603
12/02/2022;1337;1824;73,30%;598
13/02/2022;1335;1824;73,20%;593
14/02/2022;1339;1824;73,40%;588
15/02/2022;1363;1824;74,70%;592
16/02/2022;1369;1824;75,10%;580
17/02/2022;1366;1824;74,90%;589
18/02/2022;1362;1824;74,70%;552
19/02/2022;1339;1824;73,40%;535
20/02/2022;1344;1824;73,70%;516
21/02/2022;1316;1824;72,10%;503
22/02/2022;1313;1824;72%;477
23/02/2022;1314;1826;72%;472
24/02/2022;1282;1821;70,40%;443
25/02/2022;1284;1821;70,50%;425
26/02/2022;1239;1821;68%;396
27/02/2022;1264;1821;69,40%;397
28/02/2022;1235;1815;68%;370
1/03/2022;1245;1824;68,30%;386
2/03/2022;1258;1827;68,90%;362
3/03/2022;1253;1813;69,10%;351
4/03/2022;1268;1807;70,20%;353
5/03/2022;1255;1807;69,50%;349
6/03/2022;1264;1807;70%;336
7/03/2022;1261;1807;69,80%;334
8/03/2022;1272;1807;70,40%;322
9/03/2022;1289;1801;71,60%;325
10/03/2022;1254;1801;69,60%;311
11/03/2022;1223;1801;67,90%;282
12/03/2022;1225;1803;67,90%;283
13/03/2022;1266;1803;70,20%;267
14/03/2022;1254;1804;69,50%;274
15/03/2022;1279;1804;70,90%;286
16/03/2022;1242;1804;68,80%;243
17/03/2022;1275;1804;70,70%;258
18/03/2022;1241;1804;68,80%;234
19/03/2022;1235;1804;68,50%;248
20/03/2022;1260;1804;69,80%;262
21/03/2022;1280;1804;71%;282
22/03/2022;1258;1804;69,70%;265
23/03/2022;1260;1798;70,10%;266
24/03/2022;1272;1798;70,70%;263
25/03/2022;1229;1798;68,40%;242
26/03/2022;1215;1798;67,60%;249
27/03/2022;1229;1798;68,40%;241
28/03/2022;1230;1798;68,40%;237
29/03/2022;1244;1798;69,20%;254
30/03/2022;1271;1798;70,70%;246
31/03/2022;1250;1798;69,50%;253
1/04/2022;1251;1786;70%;242
2/04/2022;1232;1754;70,20%;220
3/04/2022;1251;1754;71,30%;224
4/04/2022;1224;1754;69,80%;231
5/04/2022;1243;1754;70,90%;218
6/04/2022;1257;1754;71,70%;229
7/04/2022;1248;1754;71,20%;237
8/04/2022;1241;1754;70,80%;229
9/04/2022;1190;1754;67,80%;213
10/04/2022;1171;1754;66,80%;215
11/04/2022;1177;1754;67,10%;211
12/04/2022;1162;1754;66,20%;216
13/04/2022;1157;1749;66,20%;217
14/04/2022;1162;1754;66,20%;215
15/04/2022;1152;1757;65,60%;209
16/04/2022;1134;1757;64,50%;204
17/04/2022;1138;1757;64,80%;194
18/04/2022;1135;1757;64,60%;197
19/04/2022;1170;1757;66,60%;203
20/04/2022;1178;1757;67%;188
21/04/2022;1180;1757;67,20%;204
22/04/2022;1196;1757;68,10%;208
23/04/2022;1197;1757;68,10%;202
24/04/2022;1183;1757;67,30%;197
25/04/2022;1164;1757;66,20%;187
26/04/2022;1200;1757;68,30%;195
27/04/2022;1233;1757;70,20%;188
28/04/2022;1203;1757;68,50%;190
29/04/2022;1197;1757;68,10%;184
30/04/2022;1182;1757;67,30%;208
1/05/2022;1173;1757;66,80%;213
5/05/2022;1226;1757;69,80%;186
12/05/2022;1171;1726;67,80%;185
19/05/2022;1180;1692;69,70%;177
26/05/2022;1146;1622;70,70%;167
2/06/2022;1134;1615;70,20%;180
9/06/2022;1156;1596;72,40%;201
10/06/2022;1156;1596;72,40%;201
16/06/2022;1167;1592;73,30%;200
23/06/2022;1171;1590;73,60%;210
30/06/2022;1165;1598;72,90%;232
7/07/2022;1140;1605;71%;231
14/07/2022;1143;1605;71,20%;217
21/07/2022;1172;1598;73,30%;219
28/07/2022;1119;1614;69,30%;180
4/08/2022;1086;1540;70,50%;157
11/08/2022;1073;1538;69,80%;152
18/08/2022;1053;1534;68,60%;135
25/08/2022;1036;1515;68,40%;139
1/09/2022;1050;1515;69,30%;137
8/09/2022;993;1458;68,10%;107
15/09/2022;999;1458;68,50%;104
22/09/2022;981;1449;67,70%;106
29/09/2022;971;1449;67%;99
6/10/2022;1012;1449;69,80%;101
13/10/2022;1018;1458;69,80%;107
20/10/2022;1030;1458;70,60%;110
27/10/2022;1020;1408;72,40%;107
3/11/2022;1026;1408;72,90%;87
10/11/2022;1039;1408;73,80%;84
17/11/2022;998;1401;71,20%;78
24/11/2022;987;1361;72,50%;79
1/12/2022;981;1365;71,90%;83
8/12/2022;999;1365;73,20%;98
15/12/2022;1022;1360;75,10%;91
22/12/2022;985;1357;72,60%;104
29/12/2022;993;1359;73,10%;121
5/01/2023;958;1358;70,50%;97
18/01/2023;1000;1358;73,60%;88
25/01/2023;1022;1350;75,70%;82
1/02/2023;992;1350;73,50%;77
8/02/2023;976;1360;71,80%;79
15/02/2023;988;1354;73%;80
22/02/2023;1001;1354;73,90%;89
1/03/2023;1023;1354;75,60%;76
8/03/2023;1035;1354;76,40%;92
15/03/2023;1026;1345;76,30%;81
22/03/2023;1038;1345;77,20%;77
29/03/2023;1054;1345;78,40%;76
5/04/2023;974;1345;72,40%;78
12/04/2023;996;1345;74,10%;78
19/04/2023;1019;1345;75,80%;78
26/04/2023;1012;1342;75,40%;88
3/05/2023;1013;1339;75,70%;81
10/05/2023;1014;1339;75,70%;63
17/05/2023;1025;1339;76,50%;84
24/05/2023;1030;1333;77,30%;33
31/05/2023;1044;1330;78,50%;78
7/06/2023;1044;1330;78,50%;62
14/06/2023;1040;1322;78,70%;80
21/06/2023;1052;1327;79,30%;63
28/06/2023;1053;1322;79,70%;83
5/07/2023;1036;1304;79,40%;62
12/07/2023;1010;1310;77,10%;106
19/07/2023;1019;1314;77,50%;67
26/07/2023;1009;1314;76,80%;75
2/08/2023;1012;1317;76,80%;62
9/08/2023;1040;1317;79%;73
16/08/2023;1030;1317;78,20%;63
23/08/2023;1026;1317;77,90%;65
30/08/2023;1007;1312;76,80%;55
6/09/2023;1013;1312;77,20%;62
13/09/2023;1049;1312;80%;64
20/09/2023;998;1312;76,10%;69
27/09/2023;1010;1312;77%;60
4/10/2023;1006;1306;77%;60
11/10/2023;999;1306;76,50%;54
18/10/2023;972;1306;74,40%;50
25/10/2023;974;1306;74,60%;56
1/11/2023;981;1306;75,10%;58
8/11/2023;988;1254;78,80%;62
15/11/2023;1008;1254;80,40%;55
22/11/2023;984;1259;78,20%;58
29/11/2023;1005;1259;79,80%;64
30/11/2023;1005;1259;79,80%;64
1/12/2023;1005;1259;79,80%;64
2/12/2023;1005;1259;79,80%;64
3/12/2023;1005;1259;79,80%;64
4/12/2023;1005;1259;79,80%;64
5/12/2023;1005;1259;79,80%;64
6/12/2023;1005;1203;83,50%;25
7/12/2023;1005;1203;83,50%;25
8/12/2023;1005;1203;83,50%;25
9/12/2023;1005;1203;83,50%;25
10/12/2023;1005;1203;83,50%;25
11/12/2023;1005;1203;83,50%;25
12/12/2023;1005;1203;83,50%;25
13/12/2023;963;1195;80,60%;55
14/12/2023;963;1195;80,60%;55
15/12/2023;963;1195;80,60%;55
16/12/2023;963;1195;80,60%;55
17/12/2023;963;1195;80,60%;55
18/12/2023;963;1195;80,60%;55
19/12/2023;963;1195;80,60%;55
20/12/2023;948;1194;79,40%;35
21/12/2023;956;1194;80,10%;46
22/12/2023;978;1194;81,90%;36
23/12/2023;958;1194;80,20%;54
24/12/2023;915;1194;76,60%;44
25/12/2023;841;1194;70,40%;51
26/12/2023;908;1194;76%;41
27/12/2023;892;1194;74,70%;56
28/12/2023;875;1194;73,30%;43
29/12/2023;875;1194;73,30%;43
30/12/2023;879;1194;73,60%;47
31/12/2023;847;1194;70,90%;54
1/01/2024;878;1194;73,50%;43
3/01/2024;893;1194;74,80%;53
10/01/2024;957;1200;79,80%;52
17/01/2024;1002;1194;83,90%;48
24/01/2024;994;1194;83,20%;38
31/01/2024;973;1196;81,40%;32
7/02/2024;1002;1198;83,60%;53
14/02/2024;959;1194;80,30%;48
21/02/2024;967;1194;81%;49
28/02/2024;1009;1194;84,50%;45
6/03/2024;982;1194;82,20%;31
13/03/2024;988;1194;82,70%;42
20/03/2024;979;1197;82,00%;47
27/03/2024;978;1185;82,53%;45
3/04/2024;955;1.171;81,55%;45
10/04/2024;959;1.171;81,90%;32
17/04/2024;969;1.171;82,75%;32
24/04/2024;959;1.168;82,11%;34
1/05/2024;971;1.163;83,49%;28
8/05/2024;999;1.163;85,90%;26
15/05/2024;970;1.163;83,40%;28
22/05/2024;973;1.157;84,10%;37
29/05/2024;994;1.157;85,90%;28
5/06/2024;990;1.149;86,20%;31
12/06/2024;995;1.149;86,60%;26
19/06/2024;1.013;1.149;88,20%;32
26/06/2024;982;1.142;86,00%;46
3/07/2024;960;1.142;84,10%;26
10/07/2024;980;1.139;86,00%;28
17/07/2024;962;1.139;84,50%;36
24/07/2024;935;1.133;82,50%;31
31/07/2024;930;1.133;82,10%;28
7/08/2024;920;1.126;81,70%;35
14/08/2024;934;1.126;82,90%;17
21/08/2024;930;1.126;82,60%;38
;;;;
Fuente camas ocupadas y camas asignadas: Red privada: Información reportada por 61 IPS que cuentan con camas de UCI habilitadas o con autorización transitoria en Bogotá. Corte: 2024/08/21 11:30AM;;;;
Fuente camas ocupadas y camas asignadas Aplicativo SIRC Red pública: 24 prestadores que cuentan con servicio de UCI habilitado o con autorización transitoria. Corte: 2024/08/21 11:30AM;;;;
